number,password
2021900611,123456
2021906272,123456
2021902826,123456
2021909061,123456
2021907327,123456
2021903311,123456
2021901896,123456
2021907792,123456
2021909506,123456
2021907198,123456
2021905397,123456
2021904975,123456
2021907193,123456
2021906444,123456
2021903354,123456
2021900702,123456
2021909757,123456
2021905014,123456
2021903514,123456
2021903014,123456
2021905074,123456
2021908651,123456
2021903769,123456
2021902256,123456
2021901819,123456
2021904315,123456
2021905876,123456
2021904710,123456
2021907610,123456
2021900413,123456
2021907063,123456
2021909356,123456
2021906630,123456
2021907524,123456
2021906237,123456
2021900821,123456
2021908487,123456
2021904197,123456
2021905402,123456
2021902076,123456
2021907406,123456
2021908193,123456
2021902865,123456
2021907374,123456
2021908605,123456
2021907076,123456
2021902379,123456
2021909267,123456
2021904453,123456
2021909765,123456
2021900811,123456
2021900011,123456
2021903271,123456
2021907989,123456
2021906179,123456
2021909416,123456
2021906355,123456
2021909671,123456
2021902652,123456
2021909001,123456
2021901892,123456
2021903594,123456
2021901664,123456
2021908417,123456
2021908669,123456
2021900619,123456
2021904447,123456
2021905137,123456
2021908474,123456
2021907821,123456
2021908878,123456
2021906925,123456
2021907346,123456
2021900704,123456
2021909864,123456
2021900736,123456
2021902027,123456
2021906733,123456
2021906108,123456
2021908674,123456
2021905126,123456
2021908598,123456
2021901745,123456
2021901517,123456
2021905242,123456
2021904835,123456
2021905462,123456
2021909607,123456
2021902706,123456
2021900914,123456
2021909445,123456
2021902005,123456
2021902113,123456
2021905172,123456
2021902071,123456
2021902197,123456
2021902074,123456
2021908741,123456
2021903781,123456
2021903903,123456
2021901171,123456
2021902956,123456
2021903208,123456
2021904906,123456
2021907638,123456
2021901485,123456
2021907980,123456
2021904195,123456
2021903355,123456
2021901736,123456
2021902010,123456
2021903388,123456
2021901720,123456
2021901178,123456
2021907804,123456
2021902450,123456
2021905150,123456
2021906487,123456
2021909438,123456
2021908591,123456
2021904069,123456
2021901259,123456
2021900904,123456
2021901542,123456
2021904850,123456
2021901531,123456
2021906948,123456
2021909250,123456
2021900805,123456
2021904252,123456
2021903603,123456
2021908123,123456
2021909277,123456
2021904795,123456
2021909476,123456
2021905482,123456
2021906901,123456
2021902009,123456
2021904943,123456
2021908662,123456
2021909954,123456
2021906854,123456
2021906441,123456
2021904436,123456
2021902862,123456
2021901551,123456
2021907861,123456
2021903875,123456
2021901900,123456
2021909164,123456
2021903587,123456
2021901379,123456
2021904966,123456
2021903527,123456
2021902515,123456
2021909948,123456
2021903569,123456
2021903465,123456
2021904961,123456
2021904482,123456
2021909835,123456
2021901164,123456
2021904121,123456
2021907367,123456
2021904957,123456
2021901177,123456
2021904965,123456
2021904439,123456
2021909385,123456
2021907563,123456
2021909343,123456
2021907175,123456
2021906433,123456
2021907418,123456
2021904565,123456
2021900272,123456
2021909342,123456
2021903651,123456
2021903934,123456
2021908580,123456
2021906114,123456
2021908273,123456
2021907237,123456
2021907259,123456
2021907103,123456
2021907247,123456
2021907649,123456
2021900575,123456
2021909116,123456
2021900659,123456
2021906608,123456
2021908260,123456
2021902257,123456
2021903200,123456
2021908172,123456
2021905953,123456
2021902975,123456
2021902032,123456
2021902038,123456
2021906101,123456
2021901547,123456
2021908240,123456
2021906579,123456
2021900857,123456
2021906511,123456
2021900605,123456
2021903790,123456
2021902979,123456
2021909063,123456
2021906747,123456
2021903864,123456
2021900554,123456
2021901085,123456
2021908408,123456
2021909469,123456
2021909427,123456
2021908116,123456
2021906766,123456
2021903313,123456
2021904414,123456
2021908943,123456
2021908570,123456
2021900122,123456
2021901555,123456
2021902478,123456
2021909627,123456
2021906797,123456
2021904425,123456
2021906376,123456
2021901697,123456
2021909069,123456
2021908781,123456
2021907993,123456
2021908215,123456
2021906383,123456
2021908557,123456
2021909502,123456
2021904128,123456
2021905879,123456
2021902760,123456
2021906022,123456
2021907303,123456
2021905174,123456
2021907987,123456
2021905791,123456
2021905290,123456
2021908021,123456
2021901191,123456
2021904392,123456
2021905682,123456
2021901141,123456
2021902252,123456
2021901520,123456
2021908680,123456
2021901022,123456
2021905848,123456
2021904445,123456
2021903139,123456
2021909846,123456
2021905463,123456
2021903061,123456
2021909620,123456
2021908020,123456
2021908093,123456
2021906421,123456
2021907527,123456
2021907677,123456
2021905302,123456
2021902415,123456
2021909853,123456
2021908171,123456
2021901132,123456
2021900146,123456
2021906724,123456
2021907580,123456
2021905917,123456
2021903509,123456
2021907704,123456
2021907146,123456
2021907042,123456
2021900657,123456
2021904680,123456
2021906361,123456
2021907555,123456
2021909008,123456
2021906251,123456
2021901416,123456
2021902555,123456
2021901500,123456
2021906074,123456
2021900559,123456
2021902530,123456
2021901115,123456
2021902425,123456
2021907898,123456
2021905446,123456
2021907283,123456
2021902959,123456
2021909626,123456
2021901473,123456
